Time,Team,GP,W,L,WIN%,MIN,PTS,FGM,FGA,FG%,3PM,3PA,3P%,FTM,FTA,FT%,OREB,DREB,REB,AST,TOV,STL,BLK,BLKA,PF,PFD,+/-,OFFRTG,DEFRTG,NETRTG,AST%,AST/TO,ASTRATIO,OREB%,DREB%,REB%,TOV%,EFG%,TS%,PACE,PIE
10/16 ~ 10/26,Atlanta Hawks,4,2,2,0.5,48,117,41.8,90.5,46.1,15.3,37.8,40.4,18.3,26,70.2,9.3,36.5,45.8,26.5,17.5,7.8,5.3,5.3,27,26,-1,107.6,108,-0.4,63.5,1.51,18,23.8,71.6,48.2,16.1,54.6,57.4,109,49.7
10/16 ~ 10/26,Boston Celtics,5,3,2,0.6,48,100,37,91,40.7,10.8,34,31.8,15.2,19.8,76.8,11.6,37.8,49.4,22.2,14,6.4,3.4,3.4,23,21.2,2.2,99.2,96.6,2.6,60,1.59,16.2,26.2,74,50.2,13.9,46.6,50.1,101,50.6
10/16 ~ 10/26,Brooklyn Nets,5,2,3,0.4,48,107.2,39.8,85.6,46.5,13.2,33.6,39.3,14.4,19.6,73.5,10,36.4,46.4,24.8,19.2,6.2,5.2,4.8,20.4,19.2,-1.4,107.6,108.8,-1.2,62.3,1.29,17.8,31.4,70,51.9,19.3,54.2,56.9,99.7,50.5
10/16 ~ 10/26,Charlotte Hornets,6,3,3,0.5,48,116,42.7,92,46.4,13.7,35.5,38.5,17,21.3,79.7,11,32.8,43.8,25,11.8,6.7,7.5,7,19.2,21.5,6.3,115,108.6,6.5,58.6,2.11,17.9,27.2,71.4,48.4,11.7,53.8,57.2,100.92,52.5
10/16 ~ 10/26,Chicago Bulls,5,1,4,0.2,48,110.2,40.6,86,47.2,11.4,28.4,40.1,17.6,23.2,75.9,6.8,31.8,38.6,22.8,14,4.6,5,5.8,22.4,18.8,-10.8,110.2,120.5,-10.3,56.2,1.63,17,23.1,67.3,45.9,14,53.8,57.3,100.2,43.5
10/16 ~ 10/26,Cleveland Cavaliers,5,0,5,0,48,105.4,40,91,44,7.2,22.2,32.4,18.2,22.6,80.5,13,31.8,44.8,20.4,14.4,6,1.4,5.4,23.6,21.6,-13,103.9,116.8,-12.8,51,1.42,14.8,30.6,72.1,50.2,14.2,47.9,52.2,101.4,42.2
10/16 ~ 10/26,Dallas Mavericks,5,2,3,0.4,48,113.2,40.6,92.4,43.9,13.2,40,33,18.8,25,75.2,11.4,32,43.4,25.8,14.6,7.2,6,4,20.8,25.8,-5.4,109.5,114.7,-5.2,63.5,1.77,17.8,29.8,77.4,51.3,14.1,51.1,54.7,103.4,47.7
10/16 ~ 10/26,Denver Nuggets,5,4,1,0.8,48,113.2,41.6,89.8,46.3,8,27.4,29.2,22,29.6,74.3,12.2,37.8,50,24.4,14,9.6,5.4,5.6,23.8,24.6,9.2,109.7,101,8.7,58.7,1.74,17,31,78.3,54.5,13.6,50.8,55,103.1,55.6
10/16 ~ 10/26,Detroit Pistons,4,4,0,1,49.3,116,43,94.8,45.4,11.8,31.3,37.6,18.3,25.3,72.3,14.3,33,47.3,21.3,13.8,4.3,4.5,4.3,22,23,3.3,113.7,110.8,2.9,49.4,1.55,14.9,36.7,76.6,55.2,13.5,51.6,54.8,99.29,47.8
10/16 ~ 10/26,Golden State Warriors,6,5,1,0.833,48,120.8,46,88,52.3,11.5,29.5,39,17.3,20.5,84.6,9,35.7,44.7,29.2,17,8.2,5.7,2.8,23.8,20.8,12.8,116.4,103.5,12.9,63.4,1.72,20.2,26.3,70.6,50.9,16.4,58.8,62.3,104.08,58.8
10/16 ~ 10/26,Houston Rockets,5,1,4,0.2,48,110,39.8,92.4,43.1,14.6,41.2,35.4,15.8,21.6,73.1,10.6,30,40.6,21.6,14.4,8.8,5.8,5.8,23.2,20.8,-8.8,107.2,114.9,-7.7,54.3,1.5,15.7,26.1,70.4,46.5,14,51,54,103,42.3
10/16 ~ 10/26,Indiana Pacers,5,3,2,0.6,48,110.2,43.6,88.2,49.4,11.4,25.2,45.2,11.6,17.2,67.4,9.8,34.8,44.6,23.2,14.6,7.2,5.2,6.4,22.6,19,8.2,112.2,103.4,8.8,53.2,1.59,17.3,28.8,69.7,50.4,14.9,55.9,57.5,98.4,53.8
10/16 ~ 10/26,LA Clippers,5,3,2,0.6,48,112.6,39.2,84.8,46.2,8.2,24.4,33.6,26,30.2,86.1,9,38,47,19.8,15,5.4,5.4,6.8,23.8,25,4.6,109.7,105.7,4.1,50.5,1.32,14.7,26.4,70.6,50.5,14.6,51.1,57.4,102.4,52.9
10/16 ~ 10/26,Los Angeles Lakers,5,2,3,0.4,49,125.6,49.2,98.4,50,9.8,31.6,31,17.4,23.8,73.1,10,35.4,45.4,29,12.6,9.8,6,5.2,22.8,23.6,1.2,115,114.1,0.9,58.9,2.3,19.1,26.8,72.1,49.1,11.5,55,57.7,106.87,52.1
10/16 ~ 10/26,Memphis Grizzlies,4,2,2,0.5,48,99.5,34,85.8,39.7,10.5,30,35,21,27.5,76.4,8.5,31.8,40.3,21,13.3,9.3,3.8,5.8,23.5,23,-2.8,99.7,102.5,-2.8,61.8,1.58,15.6,24.5,70.1,46,13.3,45.8,50.8,99.75,46.3
10/16 ~ 10/26,Miami Heat,4,2,2,0.5,48,109,39,91.3,42.7,11.3,32.8,34.4,19.8,27.8,71.2,13,38.8,51.8,21.5,16.3,5.3,6.5,9.3,24,26.5,5,106.6,101.5,5.1,55.1,1.32,15.1,35.1,74.4,54.8,15.9,48.9,52.7,102.38,53
10/16 ~ 10/26,Milwaukee Bucks,5,5,0,1,48,120.6,44.2,93.2,47.4,16,41.8,38.3,16.2,21.2,76.4,11.4,43.6,55,27.2,16.4,6,7.8,5,23.8,21.4,14.8,114,100.2,13.8,61.5,1.66,18.5,28.3,74.9,53.5,15.5,56,58.8,105.7,59
10/16 ~ 10/26,Minnesota Timberwolves,6,2,4,0.333,48,112.7,39.8,92.5,43.1,10.3,29.5,35,22.7,26.7,85,11.7,31.5,43.2,23.2,13.5,9.5,5.8,6,21.2,23.2,-4.5,108.7,113.4,-4.7,58.2,1.72,16.2,30.4,68.5,48.9,13,48.6,54,103.5,48.4
10/16 ~ 10/26,New Orleans Pelicans,4,4,0,1,48,128.3,48,96,50,10.3,25.8,39.8,22,30.3,72.7,13.3,36.8,50,29,11.8,9.3,6.5,5.3,23.5,24,12,120.1,109.9,10.2,60.4,2.47,19.1,31.3,73.3,52.3,11,55.3,58.7,106.25,57.2
10/16 ~ 10/26,New York Knicks,6,1,5,0.167,48,105.3,39.5,93.8,42.1,11.3,32.8,34.5,15,19.8,75.6,10.8,31.8,42.7,19.5,13.2,7.8,2.3,5.2,21.5,21.3,-7.8,102.9,110.4,-7.5,49.4,1.48,14.2,27.6,73.8,48.5,12.9,48.1,51.4,102.42,43.2
10/16 ~ 10/26,Oklahoma City Thunder,4,0,4,0,48,101.8,37.5,96,39.1,8.3,34.3,24.1,18.5,28.8,64.3,16.3,35,51.3,20.3,15.5,8.3,6.3,4.5,26.5,26.5,-10.3,97.4,107.7,-10.3,54,1.31,13.8,35.2,70,50.8,14.8,43.4,46.8,104.25,42.2
10/16 ~ 10/26,Orlando Magic,5,2,3,0.4,48,102.8,39.4,91.4,43.1,10.2,30,34,13.8,19.4,71.1,11.8,34.8,46.6,25.2,13.8,6.6,6,4.2,18.4,20.6,-8.2,103.2,111.7,-8.5,64,1.83,18,28.1,71.4,49.2,13.9,48.7,51.4,99.5,46.8
10/16 ~ 10/26,Philadelphia 76ers,5,2,3,0.4,49,114,42,92.8,45.3,11.8,34.4,34.3,18.2,24.2,75.2,9.2,40,49.2,28.4,13.2,6.6,5.8,6.4,21.8,21.8,-2.8,107.3,110.4,-3.1,67.6,2.15,19.3,23.8,72.8,49.2,12.4,51.6,55.1,103.84,51.2
10/16 ~ 10/26,Phoenix Suns,4,1,3,0.25,48,107,39,82,47.6,12.3,34.5,35.5,16.8,22.5,74.4,9.3,34,43.3,26.5,18,5.8,2.8,5,23,22.5,-11.3,105.4,116.2,-10.8,67.9,1.47,19.2,21.3,73.5,48.3,17.7,55,58.2,101.63,43.6
10/16 ~ 10/26,Portland Trail Blazers,4,3,1,0.75,49.3,125.3,45,94.8,47.5,12.5,33.8,37,22.8,26.3,86.7,12.8,40.8,53.5,22.8,15,6.5,5.8,6,21,22.8,8.8,117.6,109.6,8,50.6,1.52,15.7,31.7,77.2,55.3,14.1,54.1,58.9,103.68,53.9
10/16 ~ 10/26,Sacramento Kings,6,3,3,0.5,48,117,45.5,91,50,10,25.3,39.5,16,24.7,64.9,10.7,34.5,45.2,23.7,15.7,7.8,4.5,5.5,21.5,24.5,-3.3,109.7,111.9,-2.3,52,1.51,16.7,23.6,70.9,47.7,14.7,55.5,57.4,107.08,49.1
10/16 ~ 10/26,San Antonio Spurs,4,2,2,0.5,49.3,114.8,41.8,94.3,44.3,11.3,25.5,44.1,20,25.5,78.4,14.8,31.5,46.3,24.8,10,5,3.5,4,20.3,23,-7,114.8,122.7,-7.9,59.3,2.48,17.5,32,71,50.1,10,50.3,54.4,97.1,45.8
10/16 ~ 10/26,Toronto Raptors,6,6,0,1,48,116.8,44.5,89.8,49.5,12.3,32.5,37.9,15.5,20.2,76.9,10.3,37,47.3,25.2,14.2,7.2,6,5.2,23,21.2,10.8,115.9,105.6,10.2,56.6,1.78,18.1,28.6,68.2,50.2,14,56.4,59.2,100.58,57.5
10/16 ~ 10/26,Utah Jazz,4,2,2,0.5,48,107.5,36,82,43.9,12.5,33.5,37.3,23,29.5,78,8.5,36.3,44.8,21,17,8,4.8,4,20.3,23.8,2,105.9,104.2,1.7,58.3,1.24,15.6,27.2,79.2,53.3,16.7,51.5,56.6,101.38,51.7
10/16 ~ 10/26,Washington Wizards,5,1,4,0.2,49,116.8,40.6,91.8,44.2,12.2,37.2,32.8,23.4,29.6,79.1,8,33.4,41.4,21.2,13.6,7.8,7.8,4.6,27.2,23.4,-6,107,112.5,-5.5,52.2,1.56,15.1,20,63.7,42.2,12.5,50.9,55.7,106.97,46
10/26 ~ 11/5,Atlanta Hawks,5,1,4,0.2,48,105.8,38.8,87,44.6,11.2,35,32,17,23.6,72,9,33.8,42.8,24.8,20,8.4,6.4,5,21.8,22.4,-16.2,98.3,113.2,-14.8,63.9,1.24,17.2,22.3,71,46.3,18.6,51,54.3,107.7,42
10/26 ~ 11/5,Boston Celtics,5,3,2,0.6,48,108.4,39.8,87.4,45.5,15,39.4,38.1,13.8,18.2,75.8,8.2,37.2,45.4,25,13.2,6.4,7.4,3,22,20.4,3.6,107.8,105,2.7,62.8,1.89,18.4,22,73.9,48.8,13.1,54.1,56.8,100.2,53.4
10/26 ~ 11/5,Brooklyn Nets,6,2,4,0.333,48.8,113,42.3,93.3,45.4,14.3,36.7,39.1,14,20,70,12.3,30,42.3,25.2,13.8,6.3,4.7,6.3,25.2,21.5,-1.5,112.4,113.6,-1.1,59.4,1.82,17.7,30.6,66.2,47.5,13.8,53,55.3,98.95,47
10/26 ~ 11/5,Charlotte Hornets,5,3,2,0.6,48,119.2,44.8,90.6,49.4,11.4,33.2,34.3,18.2,20.8,87.5,10.2,37.4,47.6,26.2,13.6,6,6.6,6.2,22.4,21.2,13.4,119,106.2,12.7,58.5,1.93,18.6,31.3,76,55.2,13.6,55.7,59.7,99.9,57.4
10/26 ~ 11/5,Chicago Bulls,7,2,5,0.286,50.1,106.1,38.7,87,44.5,11.7,31.7,36.9,17,22.3,76.3,9.1,33.9,43,23,16,8,6,7.7,19.9,19.7,-7.4,102.6,110.7,-8.1,59.4,1.44,16.7,23.3,70.7,47.4,15.5,51.2,54.8,98.6,45.8
10/26 ~ 11/5,Cleveland Cavaliers,5,1,4,0.2,48,105.6,39,84,46.4,9,23.4,38.5,18.6,22.2,83.8,10.6,27.4,38,20.8,15.6,10.2,2.2,6,19.8,19,-8.6,108.9,117.7,-8.9,53.3,1.33,15.9,29.2,70.7,48.8,16.1,51.8,56.3,97,44.6
10/26 ~ 11/5,Dallas Mavericks,5,0,5,0,49,107.6,40.4,88.2,45.8,11,30,36.7,15.8,21.8,72.5,10.2,33,43.2,21.4,18.6,6.4,3.6,4.6,21.8,23.8,-7.2,104.1,111,-7,53,1.15,15.4,28.7,76.2,50.9,18,52,55,101.29,43.4
10/26 ~ 11/5,Denver Nuggets,5,5,0,1,49,110.4,42,90,46.7,10,29.8,33.6,16.4,21.8,75.2,12.6,34.6,47.2,26.2,14.2,8.4,5,6.2,18.2,22.4,9.6,112.7,102.6,10,62.4,1.85,18.5,34.1,75.8,54.5,14.5,52.2,55.4,96.1,54.9
10/26 ~ 11/5,Detroit Pistons,5,0,5,0,50,105.4,37,91.6,40.4,8.4,33.2,25.3,23,31,74.2,11.8,39.4,51.2,18.4,16.2,6.8,3.6,5.2,28.8,27.2,-7.8,98,104.8,-6.9,49.7,1.14,13,26,76.4,50.3,15.1,45,50.1,103.49,43.1
10/26 ~ 11/5,Golden State Warriors,6,6,0,1,48,126.8,46.5,88.3,52.6,15.5,33.5,46.3,18.3,22.8,80.3,9.7,38.3,48,31.2,13.2,7.8,6.2,3.5,21,19.7,17,124.8,108,16.7,67,2.37,21.6,26.1,76.2,53.4,13,61.4,64.5,101.67,59.5
10/26 ~ 11/5,Houston Rockets,5,3,2,0.6,48,102.2,35.8,87.2,41.1,13.6,42.4,32.1,17,23.2,73.3,12.4,30.8,43.2,21,14,8.8,7.4,3.8,23.8,20.2,-3.8,105.8,109.5,-3.7,58.7,1.5,15.7,29.8,73.1,49.1,14.5,48.9,52.5,96.7,46.6
10/26 ~ 11/5,Indiana Pacers,6,4,2,0.667,48,103.7,39.8,82.2,48.5,7.2,23,31.2,16.8,23.3,72.1,7.5,30.2,37.7,22,13.2,9.5,5.3,5.3,16.3,21,1.2,109.3,107.9,1.4,55.2,1.67,17.1,27.1,71.7,49.4,13.9,52.8,56.1,94.92,51.9
10/26 ~ 11/5,LA Clippers,6,4,2,0.667,48,122,42.7,86,49.6,11.8,25.3,46.7,24.8,30.3,81.9,9.3,36.3,45.7,23.5,16.7,6.2,5.7,5.8,25,25.8,10.2,116.7,107.2,9.6,55.1,1.41,16.7,29.2,71.9,52.4,15.9,56.5,61.4,104.42,55.5
10/26 ~ 11/5,Los Angeles Lakers,5,2,3,0.4,48,112.2,43.4,89,48.8,9.8,25.6,38.3,15.6,22.2,70.3,9.4,34,43.4,22.2,18.2,8,6.8,6.2,23.2,20,-3.4,106.5,109.1,-2.6,51.2,1.22,15.8,26.4,68.1,48.2,17.3,54.3,56.8,105.7,47.3
10/26 ~ 11/5,Memphis Grizzlies,5,3,2,0.6,48,107,38.4,77.4,49.6,10.2,26,39.2,20,27.4,73,6.2,29,35.2,26.2,12.6,11.6,3.6,4,22,24.8,5,113.3,108.7,4.6,68.2,2.08,20.2,21.4,75.4,47.6,13.3,56.2,59.8,94.1,53.9
10/26 ~ 11/5,Miami Heat,5,2,3,0.4,49,116.8,41.6,91.6,45.4,13.4,35.4,37.9,20.2,28.2,71.6,12.2,34.4,46.6,23.4,16.2,8.4,7.2,6.2,22.8,25,-2.6,111.2,113.3,-2,56.3,1.44,16.2,30.4,70.9,50.2,15.4,52.7,56.1,103.05,48.6
10/26 ~ 11/5,Milwaukee Bucks,5,4,1,0.8,48,123.8,44.4,89.2,49.8,15.8,41.2,38.3,19.2,23.2,82.8,7.8,47.6,55.4,26.8,16.6,5.8,5.8,6.2,20.6,21,19.6,115.5,97.2,18.3,60.4,1.61,18.7,22.2,75.8,53.4,15.5,58.6,62.3,107.2,61.4
10/26 ~ 11/5,Minnesota Timberwolves,6,2,4,0.333,48,106,39.2,95.8,40.9,10.2,32.2,31.6,17.5,22.8,76.6,12.2,30.5,42.7,21.2,11,9.5,7,5.8,19.5,22,-13.5,102.6,116,-13.4,54,1.92,15.2,26.6,66.4,44.9,10.6,46.2,50.1,103.17,43.1
10/26 ~ 11/5,New Orleans Pelicans,7,1,6,0.143,48,112.9,41.1,88.9,46.3,9.1,27.9,32.8,21.4,28.4,75.4,10.9,33.3,44.1,24.1,16.4,7,5.6,5,24.9,23.3,-9.6,107.2,116,-8.8,58.7,1.47,16.8,27.9,72,49.6,15.6,51.4,55.7,105.43,44.2
10/26 ~ 11/5,New York Knicks,6,2,4,0.333,49.7,107.3,40.7,90.7,44.9,8.8,28.3,31.2,17.2,20.8,82.4,13.7,33.2,46.8,20.2,17.2,7,4.2,7.3,22.8,20.5,-2.8,107,109.6,-2.6,49.6,1.17,14.5,35.9,74.7,54.5,17.1,49.7,53.8,97.05,46.8
10/26 ~ 11/5,Oklahoma City Thunder,5,5,0,1,48,122.4,45.2,90.8,49.8,9.8,27.4,35.8,22.2,30.6,72.5,9.6,32.8,42.4,24.2,13.4,14.4,5.2,4.4,24.6,26.2,11.6,115,103.6,11.5,53.5,1.81,16.9,26.7,72.5,49.3,12.6,55.2,58.7,106.7,56.4
10/26 ~ 11/5,Orlando Magic,5,2,3,0.4,48,100.8,38.8,92,42.2,9.6,33.8,28.4,13.6,18.2,74.7,10.2,32.2,42.4,24,12.4,8.8,5.4,4.6,21.2,20,-9.2,100.2,109.3,-9.1,61.9,1.94,17.4,25.4,75,47.9,12.3,47.4,50.4,100.6,44.9
10/26 ~ 11/5,Philadelphia 76ers,6,4,2,0.667,48,109.7,36.2,84.7,42.7,10.7,31.8,33.5,26.7,33,80.8,11.5,38.7,50.2,23.7,19.2,7,5.5,5,25.2,26.2,0,103.6,103.5,0.2,65.4,1.23,16.5,27.9,73.9,51.8,18.1,49,55.3,105.92,51.8
10/26 ~ 11/5,Phoenix Suns,5,1,4,0.2,48,99.2,36.4,81.8,44.5,9,28.4,31.7,17.4,21.6,80.6,7.8,32.2,40,23,19.4,7,2.8,4.6,25.6,20.8,-13,99.6,112.2,-12.6,63.2,1.19,17.1,25.6,80.3,51.4,19.5,50,54.3,99.8,40
10/26 ~ 11/5,Portland Trail Blazers,6,4,2,0.667,48,111.8,39.8,87.2,45.7,10.2,29.5,34.5,22,25.7,85.7,10.8,40,50.8,18.5,15.3,5.8,4.2,6.7,23,22.2,9.8,110.5,101,9.6,46.4,1.21,13.8,30.1,70.9,52.3,15.2,51.5,56.8,101.08,56
10/26 ~ 11/5,Sacramento Kings,5,4,1,0.8,48,120.2,45.6,93.8,48.6,12.4,31.2,39.7,16.6,25.6,64.8,9.8,38.2,48,27.4,15.4,8.8,5,7.4,23.2,23.6,3.6,110.5,106.4,4.1,60.1,1.78,18.5,23.8,73.1,48.6,14.2,55.2,57.2,109.2,52
10/26 ~ 11/5,San Antonio Spurs,5,4,1,0.8,49,112.4,43,89.8,47.9,7.2,22.4,32.1,19.2,22,87.3,8.2,36.4,44.6,25,12.8,8.4,4.4,4.6,18.6,23,9.2,109.1,100,9.1,58.1,1.95,18.1,22.6,77.4,50.5,12.4,51.9,56.5,101,57.2
10/26 ~ 11/5,Toronto Raptors,6,5,1,0.833,48,117.7,44.8,91.8,48.8,11,33.3,33,17,20.8,81.6,10.3,35.5,45.8,26.5,13.5,10.2,5.8,4.5,23.7,19.5,7.8,113.5,106.5,7,59.1,1.96,18.7,25.4,70.3,48.6,13,54.8,58.3,103.42,54.9
10/26 ~ 11/5,Utah Jazz,6,2,4,0.333,48,111.5,40.3,84.8,47.5,10.2,30.8,33,20.7,29.8,69.3,11,31.2,42.2,25.7,14,8.2,5.7,3.7,23.3,27,-1.8,111.1,113,-1.8,63.6,1.83,18.4,27.7,74.2,50.4,14,53.5,56.9,100.33,50.4
10/26 ~ 11/5,Washington Wizards,5,1,4,0.2,48,106,38,85.2,44.6,9.6,32,30,20.4,25.6,79.7,9,31.2,40.2,22.4,17.4,8.4,6.4,5.2,20.8,22.2,-11.6,102.1,114.2,-12.1,58.9,1.29,16.2,24.7,70.4,47,16.8,50.2,54.9,103.4,43.8
11/5 ~ 11/15,Atlanta Hawks,6,0,6,0,48,103.3,37.8,88.7,42.7,9.7,34.5,28,18,23.7,76.1,11,33,44,22.5,18.3,8.5,5.2,6.3,22,24,-14,98.9,111,-12.2,59.5,1.23,16.1,25,68.8,46.3,17.5,48.1,52.1,105.08,43.2
11/5 ~ 11/15,Boston Celtics,5,2,3,0.4,49,108.6,40,91,44,13.8,37.4,36.9,14.8,17.8,83.1,9.6,33.8,43.4,24,12.6,9.8,5.6,3.8,17.4,17.6,2.8,107.3,104.8,2.6,60,1.9,17.5,24.1,73.7,48,12.5,51.5,54.9,99.04,51.5
11/5 ~ 11/15,Brooklyn Nets,5,2,3,0.4,48,107.2,38.8,91.8,42.3,10.8,34.2,31.6,18.8,27.2,69.1,14.4,30.2,44.6,21.6,12.2,8.6,4,5.4,25.2,23.2,-2.4,107,108.1,-1.1,55.7,1.77,15.6,28.9,70,47.3,12.2,48.1,51.7,100.8,45
11/5 ~ 11/15,Charlotte Hornets,4,2,2,0.5,49.3,111.8,41,95.5,42.9,12,35,34.3,17.8,23.8,74.7,10,33.8,43.8,24.5,12.3,9.3,5.3,7.8,21.5,22.3,-1,107.5,108.4,-1,59.8,2,17,28.8,67.8,47.5,11.8,49.2,52.7,101.36,48.5
11/5 ~ 11/15,Chicago Bulls,5,2,3,0.4,50,98.6,37.6,89.2,42.2,7.8,27,28.9,15.6,19.8,78.8,7.6,37.2,44.8,17,16.2,8.8,5.4,6.8,19.8,19.2,-8.2,94.1,102.1,-8,45.2,1.05,12.9,20.1,72.7,46.8,15.5,46.5,50.4,100.51,44.2
11/5 ~ 11/15,Cleveland Cavaliers,5,1,4,0.2,48,98.4,38.6,84.4,45.7,8.8,24,36.7,12.4,17.2,72.1,11.6,38,49.6,19.4,18.8,6.6,4.2,5.2,20.8,18.8,-2.4,99.6,102.4,-2.8,50.3,1.03,14.7,29.3,75.3,53.4,19,50.9,53.5,98.6,48.6
11/5 ~ 11/15,Dallas Mavericks,5,4,1,0.8,48,110.6,38.6,77.6,49.7,11.8,29.6,39.9,21.6,27.4,78.8,8,39.4,47.4,22.4,19.8,7.8,5.6,4.8,22.6,24.4,14.8,110.4,95.2,15.2,58,1.13,16.8,26.2,74.2,53.6,19.8,57.3,61.7,100.4,60.4
11/5 ~ 11/15,Denver Nuggets,6,2,4,0.333,48,110.5,40.8,86.3,47.3,11.3,29.7,38.2,17.5,23.7,73.9,11.8,32.8,44.7,25.3,14.3,8,4.2,7.2,20.7,21,5.3,113.7,109,4.7,62,1.77,18.3,33.6,75.4,54.2,14.8,53.9,57.1,96.83,52.8
11/5 ~ 11/15,Detroit Pistons,5,3,2,0.6,49,110.2,41.6,97.4,42.7,12.8,39.2,32.7,14.2,19.8,71.7,14.6,34.2,48.8,24.6,15.6,8.8,3.8,5.8,23.6,22.2,1.8,105.2,103.4,1.7,59.1,1.58,16.7,30.5,74.8,50.6,14.9,49.3,51.9,102.66,48
11/5 ~ 11/15,Golden State Warriors,6,3,3,0.5,48.8,109.3,40.7,85.3,47.7,9.7,24,40.3,18.3,22,83.3,9.7,33.3,43,26.7,14.7,5.8,6,4.7,23.3,21,-1.7,110.4,112.7,-2.3,65.6,1.82,19.3,27.1,71.3,50.1,14.8,53.3,57.5,97.06,49.8
11/5 ~ 11/15,Houston Rockets,6,4,2,0.667,48,99.7,34.2,80,42.7,14,43.5,32.2,17.3,23.2,74.8,10,29.7,39.7,18.5,13.7,8.2,4.8,4.2,22.8,19.5,3.7,108.5,104.7,3.8,54.1,1.35,14.9,28.5,70.7,48.6,14.9,51.5,55.3,91.75,48.8
11/5 ~ 11/15,Indiana Pacers,4,1,3,0.25,48,100.3,37.3,81.5,45.7,8.5,27,31.5,17.3,25.5,67.6,6.5,32,38.5,20,14.8,9.3,5,6.3,21,22.8,-3.5,101.8,105.9,-4.1,53.7,1.36,15.4,24.9,78.5,51.1,15,50.9,54.1,98.25,48.6
11/5 ~ 11/15,LA Clippers,5,4,1,0.8,50,118,42.6,90.4,47.1,9.8,26.2,37.4,23,27.6,83.3,9,38.4,47.4,24.2,13.2,5.2,5.6,7.6,23.2,23.6,2.4,112.4,109.7,2.7,56.8,1.83,17.1,25.4,71,49.5,12.6,52.5,57.5,100.99,52.1
11/5 ~ 11/15,Los Angeles Lakers,4,4,0,1,48,112,42,93.8,44.8,14,35.5,39.4,14,20.3,69.1,14.3,36.3,50.5,27,17,10,5.5,6,18.8,20.3,7.3,108.7,101.2,7.5,64.3,1.59,18.2,33.3,72.5,53.1,16.5,52.3,54.5,103.25,54.9
11/5 ~ 11/15,Memphis Grizzlies,5,3,2,0.6,49,101.2,37.6,83.6,45,9.2,27.6,33.3,16.8,21.6,77.8,7.8,29.6,37.4,21.8,13.8,7.8,6.2,5.4,21.4,22.8,-2.6,103.9,106.4,-2.5,58,1.58,16.7,24.2,69.6,46.4,14.2,50.5,54.3,95.51,47.9
11/5 ~ 11/15,Miami Heat,6,3,3,0.5,48.8,110.2,39.7,86.8,45.7,11.5,30.5,37.7,19.3,27.2,71.2,10,35.5,45.5,23.2,17.7,6.7,7,3.3,26.3,25.5,0.2,105.8,105.9,-0.2,58.4,1.31,16.3,28.1,69,49.1,17,52.3,55.8,102.23,51.3
11/5 ~ 11/15,Milwaukee Bucks,5,2,3,0.4,49,119.4,45.6,92.6,49.2,13.4,38.4,34.9,14.8,19.6,75.5,10.8,34.2,45,27.8,14,7.8,6.2,4.8,20.8,18.8,2,115.7,113.5,2.2,61,1.99,19.3,27,75.8,51.2,13.6,56.5,59,101.19,50.8
11/5 ~ 11/15,Minnesota Timberwolves,5,2,3,0.4,48,111.2,39.8,88,45.2,11.2,28.2,39.7,20.4,25,81.6,10.8,35,45.8,23.4,16.6,9.4,5.2,4.4,20.4,24,-2.4,107.3,110.1,-2.7,58.8,1.41,16.6,29.7,70.4,50.9,16,51.6,56.2,103.4,50.7
11/5 ~ 11/15,New Orleans Pelicans,5,3,2,0.6,48,113.6,43.8,91.4,47.9,10,27.8,36,16,21.4,74.8,12.4,38.4,50.8,28.4,17,5.8,6.4,5.6,20.6,21.6,6.4,109.7,103.3,6.4,64.8,1.67,19.1,32.2,73.9,53.9,16.4,53.4,56.3,103.7,54.3
11/5 ~ 11/15,New York Knicks,5,1,4,0.2,50,106.2,37.8,91,41.5,7.2,26.4,27.3,23.4,30.2,77.5,14,35.4,49.4,16.8,17.4,7.8,8.4,7.6,24.2,22.8,-12.6,100.6,112.1,-11.5,44.4,0.97,11.9,32.2,72.9,51.6,16.5,45.5,50.9,101.57,41.7
11/5 ~ 11/15,Oklahoma City Thunder,6,5,1,0.833,48,109.5,41.3,90.3,45.8,10.7,30.8,34.6,16.2,21.8,74,13.3,33.2,46.5,21,14.2,11.7,5.2,5,19.5,23.2,10,110.8,101,9.8,50.8,1.48,15.3,34.5,72.7,52.9,14.3,51.7,54.8,98.67,55.8
11/5 ~ 11/15,Orlando Magic,6,4,2,0.667,48,108.3,41.7,87.8,47.4,12.8,32,40.1,12.2,14.5,83.9,8.2,32.5,40.7,26.3,14.5,8.5,6.3,5.2,20.5,18.2,4.5,108.3,103.8,4.5,63.2,1.82,19.2,23.2,72.7,48.1,14.5,54.7,57.5,100,52.9
11/5 ~ 11/15,Philadelphia 76ers,5,3,2,0.6,50,113.8,41,85.4,48,11.8,33,35.8,20,26.6,75.2,9.2,37.4,46.6,28,16.4,5.4,6.4,4.8,23.2,24.6,1.2,110.1,108.3,1.8,68.3,1.71,19.6,25.4,74.1,51.8,15.9,54.9,58.6,99.55,53.9
11/5 ~ 11/15,Phoenix Suns,5,1,4,0.2,49,101.4,38,85,44.7,10.4,30.6,34,15,17.2,87.2,7.6,33,40.6,21.8,17.2,7.6,5,5.6,22.8,17,-9.2,100.4,109.5,-9.1,57.4,1.27,16.4,21.8,66.3,45,17,50.8,54.8,98.94,45
11/5 ~ 11/15,Portland Trail Blazers,4,3,1,0.75,48,112.8,42,91.8,45.8,13.8,34.5,39.9,15,17.3,87,12.8,38.8,51.5,21.8,13.8,5.8,5.8,5.5,18,18,5.8,113.6,108.4,5.2,51.8,1.58,15.9,31.1,74.9,53.2,13.9,53.3,56.7,99,52.9
11/5 ~ 11/15,Sacramento Kings,4,2,2,0.5,48,104,40,90.3,44.3,9.3,26,35.6,14.8,19.8,74.7,9.5,34.3,43.8,22.5,15,9,4.8,3,23.8,18.8,-2,100.2,102.9,-2.7,56.3,1.5,16.3,23,68,46,14.5,49.4,52.6,103.38,48.6
11/5 ~ 11/15,San Antonio Spurs,5,1,4,0.2,48,98,35.6,88,40.5,9.8,27,36.3,17,21.2,80.2,11.4,33.8,45.2,19.2,13.2,6,4.8,5.2,17.4,21.8,-6,100.4,105.9,-5.5,53.9,1.45,14.6,27.1,73.9,49.8,13.5,46,50.3,97.9,45.9
11/5 ~ 11/15,Toronto Raptors,5,3,2,0.6,48,116,43.2,88.6,48.8,11,33.8,32.5,18.6,23.2,80.2,11.4,35.4,46.8,21.4,16.6,9,3.8,4.8,21.4,23,4,113.5,109.8,3.7,49.5,1.29,15.7,29.6,71.4,51.1,16.2,55,58.7,102.1,52
11/5 ~ 11/15,Utah Jazz,5,3,2,0.6,48,103,36.2,83,43.6,9.8,33.8,29,20.8,29.2,71.2,9.8,30.6,40.4,24.8,15.6,8.8,5.4,5,23.6,24.4,-6.4,103,110.1,-7.1,68.5,1.59,17.9,27.8,76.1,50.2,15.6,49.5,53.7,99.7,46.1
11/5 ~ 11/15,Washington Wizards,5,3,2,0.6,48,112,40.6,84.6,48,11.2,31.4,35.7,19.6,27.2,72.1,9.4,30.6,40,23.8,15,9.8,4.8,5.8,21.8,24.6,2,111.1,109.3,1.8,58.6,1.59,17.2,28.8,70.3,49.4,14.9,54.6,58,100.7,51.5
11/15 ~ 11/25,Atlanta Hawks,6,1,5,0.167,48,104.8,39.2,91.3,42.9,10.2,36.5,27.9,16.3,21.8,74.8,9.8,31.8,41.7,24.8,16.3,8.7,6.7,5.3,25.7,22.8,-15.7,99.4,113.5,-14.1,63.4,1.52,17.4,22.9,67.7,44.4,15.5,48.4,51.9,105.83,41.1
11/15 ~ 11/25,Boston Celtics,6,2,4,0.333,48.8,108,41.3,90.5,45.7,9.3,32,29.2,16,21.3,75,10.8,34.7,45.5,25.3,14.3,9.7,5.8,5.3,22.2,21.3,-1.5,105,106.8,-1.8,61.3,1.77,17.8,27.9,74.4,50.9,13.9,50.8,54.1,100.91,50.8
11/15 ~ 11/25,Brooklyn Nets,6,2,4,0.333,48,113,40.2,87.8,45.7,11.3,34,33.3,21.3,27.5,77.6,12.7,33.7,46.3,21.5,14,5,3.7,4,24.2,22.3,-0.5,112.8,113.3,-0.5,53.5,1.54,15.7,31.1,69.9,50.8,14,52.2,56.5,100.17,48.4
11/15 ~ 11/25,Charlotte Hornets,5,2,3,0.4,49,118,42.8,90.8,47.1,13.4,35.4,37.9,19,22.6,84.1,8.8,34.6,43.4,25,13.8,7.6,3.6,6,19.2,21.2,2.8,112.6,110.3,2.3,58.4,1.81,17.7,25.1,75.7,50.4,13.2,54.5,58.6,102.47,50.7
11/15 ~ 11/25,Chicago Bulls,5,1,4,0.2,48,100.6,36.8,87.2,42.2,9.8,29.2,33.6,17.2,21.8,78.9,6.4,33.6,40,23.2,16.6,8.8,3.6,7.8,19,20.4,-14.4,96,110.2,-14.2,63,1.4,16.8,20.3,70.4,45.2,15.8,47.8,52,104.6,42.6
11/15 ~ 11/25,Cleveland Cavaliers,4,2,2,0.5,48,111.3,41.8,91,45.9,9.8,24.8,39.4,18,23.5,76.6,15,28.3,43.3,16.3,9,7.3,2,4.8,23.3,21.5,0.8,118.7,117.9,0.8,38.9,1.81,12.7,34.8,73.5,52.1,9.6,51.2,54.9,93.75,46.5
11/15 ~ 11/25,Dallas Mavericks,4,3,1,0.75,48,108,37.5,84.8,44.2,11.8,33.5,35.1,21.3,29.3,72.6,9,35.3,44.3,20.8,12.5,9,3.8,5.5,18.3,25,2,109.1,108.2,0.9,55.3,1.66,15.5,28.6,73.5,50.6,12.6,51.2,55.3,98.5,51.3
11/15 ~ 11/25,Denver Nuggets,6,4,2,0.667,48,111.8,44,93.3,47.1,12.2,34,35.8,11.7,15.7,74.5,11.7,36.2,47.8,30.3,14.8,8.5,5.7,4.3,21.5,19,10.5,111.1,101.2,9.9,68.9,2.04,20.7,30.7,72,52,14.7,53.7,55.8,100.42,56.3
11/15 ~ 11/25,Detroit Pistons,4,3,1,0.75,49.3,117.8,41,88.8,46.2,13,35,37.1,22.8,30.3,75.2,13.8,30.5,44.3,23.5,13.8,8.3,2.5,5.8,22.5,23.8,6.3,119.2,113.2,6,57.3,1.71,16.7,37.1,72.5,53.7,13.9,53.5,57.7,96.12,52.1
11/15 ~ 11/25,Golden State Warriors,6,2,4,0.333,48,104,39,85.3,45.7,8.7,28.7,30.2,17.3,21.5,80.6,9.8,36.2,46,23.8,14.7,6.2,6.8,4.2,22,19.7,-5.8,105.6,111.5,-5.9,61.1,1.63,17.7,26.4,69.3,49.4,14.9,50.8,54.9,98.5,49.5
11/15 ~ 11/25,Houston Rockets,5,3,2,0.6,49,116.8,39.8,82.4,48.3,14.8,40.4,36.6,22.4,27,83,10,28.6,38.6,21,15,7.2,6.4,3.2,22.2,22.6,5.8,119.9,114.2,5.7,52.8,1.4,16,31,60.8,46.8,15.4,57.3,61.9,95.31,53.8
11/15 ~ 11/25,Indiana Pacers,5,3,2,0.6,48,105.2,41.4,88.8,46.6,10.4,27.8,37.4,12,15.8,75.9,9.2,36,45.2,27.8,15.6,9.6,4.8,5.6,19.6,18.4,2.8,104.6,101.4,3.2,67.1,1.78,19.7,25.4,78.5,51.6,15.5,52.5,54.9,100.8,52.1
11/15 ~ 11/25,LA Clippers,6,5,1,0.833,48.8,117.3,42,91,46.2,8.8,25.7,34.4,24.5,30.8,79.5,9.8,36.8,46.7,21.8,11.5,6,4.3,6.2,22.7,26.2,3.8,113.9,109.5,4.4,52,1.9,15.7,27,70.7,49.4,11.2,51,56.1,101.57,51.7
11/15 ~ 11/25,Los Angeles Lakers,5,3,2,0.6,48,106.6,39.6,84.2,47,9.4,26.2,35.9,18,24.6,73.2,7.8,38.4,46.2,18.6,16.2,6.8,7,4.6,19.2,21.8,2,106.2,104,2.2,47,1.15,14.2,25.2,75,51.6,16.1,52.6,56.1,100.5,51.4
11/15 ~ 11/25,Memphis Grizzlies,6,4,2,0.667,48.8,103.2,39,84.2,46.3,10.5,27.5,38.2,14.7,20.2,72.7,6.7,36,42.7,26,13,7.5,9.7,4,23.5,21.2,3.7,105.3,101.4,3.9,66.7,2,19.5,20,71.9,47.2,13.3,52.6,55.4,96.41,53.8
11/15 ~ 11/25,Miami Heat,5,1,4,0.2,48,99.6,36.4,92.4,39.4,11.8,34,34.7,15,22.4,67,14,35,49,20,13.4,6.8,6.4,5.6,20.8,19.6,-7.8,98.2,105.7,-7.5,54.9,1.49,14.5,28.3,73.6,49.5,13.2,45.8,48.7,101.5,43.7
11/15 ~ 11/25,Milwaukee Bucks,5,4,1,0.8,48,123.8,47,92.4,50.9,13.8,41.6,33.2,16,23,69.6,10,39.8,49.8,28.6,15.2,7.4,4.6,4,18.4,20.2,14.4,118.8,105,13.8,60.9,1.88,19.6,28.8,78,54.4,14.6,58.3,60.4,104.2,58
11/15 ~ 11/25,Minnesota Timberwolves,5,3,2,0.6,48,104.6,39.6,89.2,44.4,9.8,29.6,33.1,15.6,18.6,83.9,11.4,34.4,45.8,23.8,14.2,9.8,3.8,4.4,18.8,19.4,5.2,105.9,100.4,5.5,60.1,1.68,17.3,29.3,74.6,51.8,14.4,49.9,53.7,98.9,53.1
11/15 ~ 11/25,New Orleans Pelicans,6,3,3,0.5,48,122.8,45.7,96.2,47.5,9.8,29,33.9,21.7,27.2,79.8,13.7,35.3,49,27.2,13.7,7.3,5.7,6.3,21.7,23.7,2.2,116.4,115.1,1.3,59.5,1.99,18,34.4,71.9,52.8,13,52.6,56.8,105.17,51.7
11/15 ~ 11/25,New York Knicks,6,3,3,0.5,48,114.8,41.5,89.8,46.2,11.2,28.7,39,20.7,26.2,79,12.3,34.2,46.5,18.8,13,6.8,6.5,8,23.8,21.8,-0.8,114.1,114.3,-0.3,45.4,1.45,14,30,67.2,49.2,12.9,52.4,56.7,100.92,47.7
11/15 ~ 11/25,Oklahoma City Thunder,5,3,2,0.6,48,110.6,42.4,99,42.8,10.4,34.4,30.2,15.4,22,70,15,38.2,53.2,22.8,13,8.4,4.4,6.8,21.4,21,6.4,106.6,100.4,6.2,53.8,1.75,15.7,32.8,75,52.9,12.5,48.1,50.9,103.8,50.9
11/15 ~ 11/25,Orlando Magic,5,3,2,0.6,48,109.4,41.2,86.6,47.6,10.2,31.4,32.5,16.8,20.2,83.2,8.4,33,41.4,28.4,14.6,6,5,5.6,20.2,20.4,0.8,109.2,108.8,0.4,68.9,1.95,20.3,25,72,48.9,14.6,53.5,57.3,100,51.6
11/15 ~ 11/25,Philadelphia 76ers,6,5,1,0.833,48.8,119,41.5,87,47.7,10.3,28.5,36.3,25.7,32.8,78.2,10,34.5,44.5,25.7,15.2,7.5,4.5,4,24.3,26.5,1.3,114.1,113.3,0.7,61.8,1.69,17.8,28.8,70.8,50.3,14.5,53.6,58.7,102.31,53.2
11/15 ~ 11/25,Phoenix Suns,5,1,4,0.2,48,110.6,43.2,87.8,49.2,10.4,29.4,35.4,13.8,19.6,70.4,6.2,29.8,36,24.2,13.8,9.2,5,3.4,25.8,20.4,-6.4,107.6,113.2,-5.6,56,1.75,17.9,18.2,70.2,44.3,13.4,55.1,57.4,103.1,46
11/15 ~ 11/25,Portland Trail Blazers,6,2,4,0.333,48,105,39.2,92,42.6,10.2,32.8,31,16.5,22,75,12,34.7,46.7,20,14.5,6.2,3.5,5.8,19.7,19.8,-12.8,104.1,116.1,-12,51.1,1.38,14.7,27.9,73.1,49.4,14.4,48.1,51.6,101.17,42
11/15 ~ 11/25,Sacramento Kings,6,2,4,0.333,48,113.3,42.8,92.5,46.3,11.7,30.3,38.5,16,22,72.7,10.7,34.5,45.2,25,14.3,7.8,4,6,23.3,22.7,-6.2,108.1,114,-5.9,58.4,1.74,17.4,26.3,71.3,48.4,13.7,52.6,55.5,104.83,47.1
11/15 ~ 11/25,San Antonio Spurs,6,2,4,0.333,48,114,42.2,90.8,46.4,9.7,23.5,41.1,20,25.7,77.9,12,32.2,44.2,23.5,10.8,5.3,3.8,4,20.3,22.3,-0.5,114.2,114.5,-0.3,55.7,2.17,17,29.2,72.3,49.9,10.9,51.7,55.8,99.92,48
11/15 ~ 11/25,Toronto Raptors,6,5,1,0.833,48.8,117.5,45,91,49.5,11.7,33.5,34.8,15.8,19.5,81.2,10.5,38.2,48.7,27.3,16.3,8,5.5,5.3,21.8,18.7,13,113.5,101.3,12.2,60.7,1.67,18.9,31.4,75.1,54.5,15.8,55.9,59,101.57,56.3
11/15 ~ 11/25,Utah Jazz,6,2,4,0.333,48,104.2,38.7,84.2,45.9,8.7,29.5,29.4,18.2,26.8,67.7,8.7,34.2,42.8,22.8,15.8,9.5,5.5,4.7,22.3,23.5,-2.7,103.1,105.6,-2.5,59.1,1.44,16.7,26.2,73.6,49.7,15.7,51.1,54.3,101.08,49.1
11/15 ~ 11/25,Washington Wizards,5,2,3,0.4,48,113.8,42.2,93.2,45.3,9.6,32.8,29.3,19.8,27.2,72.8,10.2,34.4,44.6,26.2,12,8,7.4,3.8,21,24.2,-4.4,108.2,112.4,-4.2,62.1,2.18,18,26.2,73.9,49,11.4,50.4,54.1,105.2,49.6
11/25 ~ 12/5,Atlanta Hawks,6,2,4,0.333,48,111.7,41.3,90.8,45.5,11.2,35.7,31.3,17.8,23.3,76.4,11,32.5,43.5,25.5,19.2,11.2,5.8,5.2,22,22.2,-9.5,103.4,112,-8.6,61.7,1.33,17.3,26.4,75.1,49.5,17.7,51.7,55.2,108.08,44.9
11/25 ~ 12/5,Boston Celtics,3,3,0,1,48,123.3,45.7,91.3,50,17.7,38,46.5,14.3,15.7,91.5,11,32,43,29,13,9,3.7,2.7,25.7,19.7,19.7,124.6,105.4,19.2,63.5,2.23,20.5,31.2,73.2,52.5,13.1,59.7,62.8,98.67,59.6
11/25 ~ 12/5,Brooklyn Nets,6,0,6,0,49.7,106.3,38,89,42.7,11.7,34.7,33.7,18.7,24.8,75.2,12.2,34.3,46.5,18.8,16.2,6.8,3.5,5.2,22.3,21.8,-6,104.4,110,-5.5,49.6,1.16,13.9,28.4,71.9,49.3,15.9,49.3,53.2,98.58,44.1
11/25 ~ 12/5,Charlotte Hornets,6,2,4,0.333,48,110.8,40.5,90,45,11,31.8,34.6,18.8,25.2,74.8,8.5,33,41.5,23.7,11,9.3,4,7.2,18.2,20.5,-3.2,108.1,110.9,-2.7,58.4,2.15,17.3,22.9,72.9,47.1,10.7,51.1,54.8,102.67,47.5
11/25 ~ 12/5,Chicago Bulls,5,0,5,0,48,100.6,39,89.4,43.6,9.4,30.8,30.5,13.2,16.6,79.5,8,34.6,42.6,23.4,14.2,7.8,4.6,5.6,20,18,-9,100.8,108.9,-8.1,60,1.65,17.4,22.6,77.6,48.8,14.2,48.9,52,100.2,44.1
11/25 ~ 12/5,Cleveland Cavaliers,6,1,5,0.167,48,95.3,35.3,86.2,41,7.7,24.2,31.7,17,21,81,10.3,32.8,43.2,18,12.7,5.2,1.8,5.8,19.5,19.8,-15,100,116.1,-16.1,50.9,1.42,14.1,27.1,73.1,48.9,13.3,45.5,50,95.17,40.9
11/25 ~ 12/5,Dallas Mavericks,5,3,2,0.6,48,112.4,39.8,89,44.7,12,34.4,34.9,20.8,28,74.3,12.4,36,48.4,23.6,15.6,8.6,4.8,5,19.8,24.2,-0.8,107.9,109.5,-1.6,59.3,1.51,16.5,29.9,75.1,52,15,51.5,55.5,103.8,49.9
11/25 ~ 12/5,Denver Nuggets,4,4,0,1,49.3,115,43,88.8,48.5,11.3,25.5,44.1,17.8,25.5,69.6,12,36.3,48.3,30.5,13.5,8,2.8,5.8,17.8,21.5,10.5,114.4,103.7,10.7,70.9,2.26,21,29.5,78.7,53.9,13.4,54.8,57.5,98.07,55.5
11/25 ~ 12/5,Detroit Pistons,6,4,2,0.667,48,104.3,38.5,92,41.8,10.5,34,30.9,16.8,24,70.1,11.3,35.3,46.7,21.8,14.7,7.2,3,5.8,21.2,23.3,-0.7,102.1,102.8,-0.7,56.7,1.49,15.6,29,79.2,52.1,14.4,47.6,50.9,102.17,46.7
11/25 ~ 12/5,Golden State Warriors,5,3,2,0.6,49,120.6,44.6,87.8,50.8,12.2,29.8,40.9,19.2,22,87.3,10,34.2,44.2,26.6,14.8,7.2,6,3.2,20.8,21,7,118.7,111.8,6.9,59.6,1.8,18.8,29.9,71.8,52.3,14.6,57.7,61.9,99.53,55.6
11/25 ~ 12/5,Houston Rockets,5,2,3,0.4,49,117.4,41.8,88,47.5,16,45.4,35.2,17.8,23.8,74.8,11.8,31.4,43.2,25.8,15.8,8.8,5.8,6.2,25.4,20.4,2.2,117.9,115.2,2.7,61.7,1.63,18.4,31.6,71.1,50.8,15.9,56.6,59.6,97.76,49.4
11/25 ~ 12/5,Indiana Pacers,5,3,2,0.6,48,106.4,39.4,83.6,47.1,9.2,22.6,40.7,18.4,23,80,8.6,36.4,45,27,17.6,11.2,5,5.2,18.2,19.2,7,105.3,98.8,6.5,68.5,1.53,19.2,27.9,72,51,17.4,52.6,56.8,100.8,55.8
11/25 ~ 12/5,LA Clippers,6,4,2,0.667,48,112.8,40.7,86.3,47.1,8.8,23.5,37.6,22.7,30.2,75.1,10.5,34.8,45.3,21.5,12.8,7.3,4.5,4.8,19.2,24.2,3.5,111.7,108.3,3.5,52.9,1.68,15.8,26.8,70.3,49,12.7,52.2,56.6,101,52
11/25 ~ 12/5,Los Angeles Lakers,6,4,2,0.667,48,108,40.5,86.3,46.9,9.3,30.2,30.9,17.7,26.7,66.3,8.3,37.7,46,22.7,16.2,7.5,6.5,4.5,20.2,22,2.5,104.3,101.6,2.7,56,1.4,16.5,22.9,74.1,49.5,15.6,52.3,55.1,103.67,50.1
11/25 ~ 12/5,Memphis Grizzlies,5,2,3,0.4,50,106.8,40.2,87.2,46.1,10.2,29,35.2,16.2,21.8,74.3,8.4,32.6,41,23.6,14.2,7.6,8.6,4,24,21.6,-1,106,105.7,0.3,58.7,1.66,17.5,21.9,73.7,47,14.1,51.9,55.2,97.34,49.5
11/25 ~ 12/5,Miami Heat,5,2,3,0.4,48,105.2,38.6,91.4,42.2,12.8,34.6,37,15.2,23,66.1,14.2,32.2,46.4,20.8,13.8,10.2,6.2,6.4,21.2,19.6,-4,105.8,109.4,-3.6,53.9,1.51,15.1,31.2,69.7,48.8,13.9,49.2,51.8,99.6,46.1
11/25 ~ 12/5,Milwaukee Bucks,4,2,2,0.5,49.3,118,41,88.3,46.5,15,41,36.6,21,26.5,79.2,8,40.3,48.3,26.8,15.3,9.3,5.3,2.8,22.8,23.5,5.3,110.5,105.6,4.9,65.2,1.75,18.6,20.4,79.1,50.5,14.3,55,59.1,104.04,54.4
11/25 ~ 12/5,Minnesota Timberwolves,5,4,1,0.8,48,112.6,42.2,87.6,48.2,11.6,28.2,41.1,16.6,22.8,72.8,10.6,33,43.6,25.2,12.6,8.6,6.8,4.2,17,20.4,13.2,114.9,102.3,12.6,59.7,2,18.3,30.8,73.8,52.7,12.9,54.8,57.7,97.6,56.9
11/25 ~ 12/5,New Orleans Pelicans,6,3,3,0.5,48,118.3,43.2,87.3,49.4,11.7,31.8,36.6,20.3,25.3,80.3,10.2,36.7,46.8,28,15.8,8.3,5.7,3.5,21,21.3,5.3,115.3,110.2,5,64.9,1.77,19.4,29.6,72.9,52.6,15.4,56.1,60.1,102.58,54.3
11/25 ~ 12/5,New York Knicks,5,2,3,0.4,49,109,38,92,41.3,11,29.2,37.7,22,27,81.5,12.6,36,48.6,19.4,14.2,5.8,4.4,8.6,22,23.4,-5.8,106,111.2,-5.2,51.1,1.37,14,29.9,77.4,51.8,13.8,47.3,52.5,100.9,43.8
11/25 ~ 12/5,Oklahoma City Thunder,4,4,0,1,48,112,43.3,89.5,48.3,11,32.8,33.6,14.5,19,76.3,9.5,42.5,52,26.5,16.3,8.8,8,2.8,22.3,18.3,15.3,109.3,94.9,14.4,61.3,1.63,18.8,26.3,75.6,53.3,15.9,54.5,57.2,102.25,61
11/25 ~ 12/5,Orlando Magic,6,3,3,0.5,48.8,108.7,41,87.8,46.7,13.5,32.5,41.5,13.2,16,82.3,7.2,33.3,40.5,27,12.8,6.3,4.7,5.2,19.2,17.7,3,110.7,107.6,3.1,65.9,2.1,19.8,23.4,73.8,48.8,13.1,54.4,57.3,96.49,51.5
11/25 ~ 12/5,Philadelphia 76ers,5,4,1,0.8,48,114.4,42,87.6,47.9,11,29.8,36.9,19.4,25.2,77,10.4,38.2,48.6,27.6,14.8,7.8,5,4.6,20.2,20.6,10,110.6,101.6,9.1,65.7,1.86,19.2,27.2,76.1,53.1,14.3,54.2,58,103.1,56.8
11/25 ~ 12/5,Phoenix Suns,6,0,6,0,48,99.3,38.5,87.8,43.8,9.7,30.8,31.4,12.7,17.2,73.8,9.7,31,40.7,22.5,15.5,9.5,5,4.2,21.2,17,-14.5,99.5,113.6,-14.1,58.4,1.45,16.7,24.6,66,45,15.5,49.3,52.1,100,42.5
11/25 ~ 12/5,Portland Trail Blazers,5,1,4,0.2,48,109.4,41.4,87.4,47.4,10.4,30.4,34.2,16.2,20.4,79.4,12.2,34.2,46.4,21.2,14.8,6,4.6,4.8,22.8,17.6,-4.8,111.2,115.6,-4.4,51.2,1.43,15.9,29.3,75.4,52.3,15,53.3,56.8,98.6,46
11/25 ~ 12/5,Sacramento Kings,4,2,2,0.5,48,116.5,43,89,48.3,10,25,40,20.5,28.3,72.6,11.5,31.5,43,24.5,15.3,9.3,3.8,4.8,22,25,-3.8,110.4,114.3,-3.8,57,1.61,17.1,29.2,70.7,49.5,14.5,53.9,57.4,105.38,48
11/25 ~ 12/5,San Antonio Spurs,6,2,4,0.333,48,108.5,42.5,89.2,47.7,8.8,24.8,35.6,14.7,15.8,92.6,8.5,32.8,41.3,24.7,13.5,5.3,4.2,5,18.2,18.5,-16.3,107.6,123.8,-16.2,58,1.83,18.1,22.8,73.9,48.1,13.4,52.6,56.4,100.83,44.1
11/25 ~ 12/5,Toronto Raptors,6,5,1,0.833,48.8,116.7,43,86,50,11.7,33.7,34.7,19,22.7,83.8,8.7,33.2,41.8,23.8,13.5,7,5.2,3.7,19.2,21.2,6.7,115.3,109.6,5.7,55.4,1.77,17.5,26.4,67.1,48.4,13.3,56.8,60.8,99.03,54.6
11/25 ~ 12/5,Utah Jazz,6,4,2,0.667,48,113.3,42.7,84.8,50.3,12.7,32.5,39,15.3,20.7,74.2,8.7,36,44.7,27.2,17.2,9.3,5.2,5.3,19.8,19,6.3,111.3,105.8,5.5,63.7,1.58,19.3,27,76.1,52.9,16.9,57.8,60.3,101.5,54.6
11/25 ~ 12/5,Washington Wizards,6,4,2,0.667,48.8,113.3,43.2,90.3,47.8,10.8,32,33.9,16.2,21.5,75.2,8.5,32,40.5,26.8,14,8.8,4.7,4.7,23.3,21,-1.8,108.3,109.7,-1.4,62.2,1.92,18.9,21.7,64.8,44.2,13.4,53.8,56.8,103.04,50.1
11/25 ~ 12/5,Atlanta Hawks,4,1,3,0.25,48,109.5,40,91,44,13.5,37.8,35.8,16,23.3,68.8,12.3,33.3,45.5,27.3,20,9.8,5.5,5.5,24.8,19.3,-8.5,102.8,110,-7.2,68.1,1.36,18.2,29.6,69.3,48.9,18.8,51.4,54.1,106.88,43.8
12/5 ~ 12/15,Boston Celtics,6,5,1,0.833,48.8,122.8,45.8,94.7,48.4,14.3,38.3,37.4,16.8,20.3,82.8,12.2,36.5,48.7,26,13.5,9.7,5,4,20.7,21,19,118.7,100.5,18.2,56.7,1.93,17.8,32.2,75.2,53.8,13,56,59.3,101.65,59.3
12/5 ~ 12/15,Brooklyn Nets,5,4,1,0.8,49,116.4,41,86,47.7,12.4,30.4,40.8,22,28.4,77.5,10.8,35.6,46.4,24.8,15.6,7,3,4.2,23.4,22.8,3.4,113.2,110.6,2.7,60.5,1.59,17.6,28.2,75.9,52.8,15.2,54.9,59.1,100.41,51.3
12/5 ~ 12/15,Charlotte Hornets,6,3,3,0.5,48.8,111.3,39.5,91.7,43.1,12.2,34.5,35.3,20.2,24.2,83.4,9.3,34.2,43.5,24.5,12.2,7.2,5,8.2,18.5,21.7,-4.7,108.3,112.8,-4.5,62,2.01,17.5,25.2,71.3,47.7,11.8,49.7,54.4,101.08,47.3
12/5 ~ 12/15,Chicago Bulls,5,2,3,0.4,48,93.8,35.8,79.2,45.2,8.4,24.8,33.9,13.8,18.2,75.8,5.8,32,37.8,18.2,18.4,10,4.6,5,20.6,17,-14.8,95.7,110.8,-15.1,50.8,0.99,14.6,20.6,69.5,45.9,18.8,50.5,53.8,98,41.1
12/5 ~ 12/15,Cleveland Cavaliers,6,2,4,0.333,48,106.3,40.5,88.8,45.6,11.5,31.5,36.5,13.8,18.2,76.1,10.7,34.7,45.3,21.7,12.5,5.8,2.5,5,18.8,17.7,-8.2,108.9,118,-9.2,53.5,1.73,16.3,27.3,72.8,49.9,12.8,52.1,54.9,97.33,45.7
12/5 ~ 12/15,Dallas Mavericks,5,3,2,0.6,48,103.4,36.2,81.8,44.3,10.6,35.6,29.8,20.4,27.6,73.9,10.4,35.6,46,22.2,17.2,8.6,4,3.6,15.4,21.8,-0.2,104.2,104.2,0,61.3,1.29,16.4,29.7,73.8,52.7,17.3,50.7,55,99.3,52
12/5 ~ 12/15,Denver Nuggets,5,3,2,0.6,49,108.6,40.2,88,45.7,9.6,30.4,31.6,18.6,24.4,76.2,11.6,35.2,46.8,27.4,13.6,8.2,6,6.4,20.8,20.4,1.8,109.9,108.3,1.6,68.2,2.01,19.4,31,72.2,51.8,13.8,51.1,55,96.69,52.1
12/5 ~ 12/15,Detroit Pistons,6,1,5,0.167,48,105.5,39.2,88.7,44.2,9.5,30,31.7,17.7,26.2,67.5,12.7,35.7,48.3,23.3,16.2,7.2,5.2,6.3,23.8,21.5,-7.2,103.8,110.3,-6.5,59.6,1.44,16.6,30.1,74.6,51.9,15.9,49.5,52.7,101.92,45.1
12/5 ~ 12/15,Golden State Warriors,5,4,1,0.8,48,114.6,41.4,89,46.5,15.4,37.8,40.7,16.4,20.2,81.2,9.8,37.8,47.6,29.2,16.2,5.8,5.4,3.4,20.8,20.6,5.4,110.6,105,5.6,70.5,1.8,20.2,24.5,76.4,51.4,15.6,55.2,58.5,103.8,53.2
12/5 ~ 12/15,Houston Rockets,5,3,2,0.6,48,107.4,38.4,83.4,46,12,36.6,32.8,18.6,22.8,81.6,11.4,28.6,40,20.4,14,6.4,3.4,4.4,22.4,19.6,0,114,114.7,-0.7,53.1,1.46,15.8,31.4,68.6,49.3,14.9,53.2,57.5,93.9,47.4
12/5 ~ 12/15,Indiana Pacers,5,5,0,1,48,110.8,42,89.4,47,9.4,25.2,37.3,17.4,21.2,82.1,11.6,39.6,51.2,29,14.8,7.2,5.8,5.8,18.8,20,13.6,110.6,97.6,13,69,1.96,20.1,30.9,75.5,54.4,14.8,52.2,56.1,99.9,59.6
12/5 ~ 12/15,LA Clippers,6,1,5,0.167,48.8,99.5,34.8,82.2,42.4,8.7,25.7,33.8,21.2,27.3,77.4,10.8,33.8,44.7,20.5,18.7,5.8,4.3,6.7,20.7,23.7,-16.2,97.7,113.6,-15.9,58.9,1.1,15.1,26.5,74.1,50.2,18.3,47.7,52.8,100.1,40.6
12/5 ~ 12/15,Los Angeles Lakers,6,4,2,0.667,48,116.5,44,91.2,48.3,13.2,35.5,37.1,15.3,22.8,67.2,10.7,34.5,45.2,25.5,13.3,9.2,4.7,5.2,19.2,20.5,5.7,114.2,108.8,5.4,58,1.91,18.1,27.7,72.8,50.4,13.1,55.5,57.6,101.92,52.8
12/5 ~ 12/15,Memphis Grizzlies,7,3,4,0.429,48,96.6,36.6,80.9,45.2,7.3,25.7,28.3,16.1,21.9,73.9,8.7,31.4,40.1,21,13.1,9.3,6.4,5.7,21.7,20.9,-2.4,102.7,104.5,-1.8,57.4,1.6,16.7,23.2,68.6,46.2,14,49.7,53.4,94.36,49.1
12/5 ~ 12/15,Miami Heat,5,3,2,0.6,48,105,37.8,86.2,43.9,13.2,36.4,36.3,16.2,22.4,72.3,10,35.4,45.4,26.8,14,8.2,5.6,5.6,20.2,18.8,2.6,106.5,103.9,2.6,70.9,1.91,19.3,26.8,76.5,51.1,14.2,51.5,54.7,98.6,51.2
12/5 ~ 12/15,Milwaukee Bucks,6,4,2,0.667,48,105.5,38.3,90.3,42.4,12.3,39.8,31,16.5,21.2,78,10.5,39.3,49.8,22.5,14.3,8,5,4.3,19,19.8,5,104.3,99.2,5.1,58.7,1.57,16.4,25.4,74,50,14.2,49.3,52.9,101.25,52.2
12/5 ~ 12/15,Minnesota Timberwolves,5,1,4,0.2,48,112.6,43,90.4,47.6,8.4,24.4,34.4,18.2,23.8,76.5,10.4,32,42.4,28.6,13,7.4,6.4,5.6,19.8,20.8,-3.6,110.6,114.1,-3.5,66.5,2.2,19.8,28,69,48.6,12.8,52.2,55.8,101.8,49.6
12/5 ~ 12/15,New Orleans Pelicans,5,3,2,0.6,48,113.8,43,87.8,49,9.6,26.4,36.4,18.2,23.2,78.4,9.2,36.8,46,29,15.8,9.4,4.6,5.4,21,22.4,4.2,110.7,107.5,3.2,67.4,1.84,20.2,25.4,72.7,50.2,15.4,54.4,58.1,102.4,54.2
12/5 ~ 12/15,New York Knicks,5,1,4,0.2,49,108.6,41.4,91.8,45.1,11.2,29.6,37.8,14.6,20.4,71.6,9.8,33.6,43.4,23.8,13.8,7,4.8,4.8,20,21.4,-10.6,105.8,115.3,-9.4,57.5,1.72,17.1,24.6,73,47.7,13.5,51.2,53.9,100.9,44.5
12/5 ~ 12/15,Oklahoma City Thunder,6,3,3,0.5,48,111.7,41.7,90.8,45.9,10,28.5,35.1,18.3,28.2,65.1,13.3,32.7,46,23.5,16,10.7,5.2,4.5,22.5,25.2,0,106.9,106.9,0,56.4,1.47,16.3,30.4,73.9,50.5,15.3,51.4,54.1,104.5,48.5
12/5 ~ 12/15,Orlando Magic,5,2,3,0.4,49,95.4,36.2,85.4,42.4,11.6,33.4,34.7,11.4,13.8,82.6,7,37,44,21.8,16,6,5.8,4.4,20.4,17.8,-8,95.6,103.8,-8.2,60.2,1.36,16.6,21,81.1,50.5,16,49.2,52.1,97.67,44.7
12/5 ~ 12/15,Philadelphia 76ers,5,2,3,0.4,48,112,41.8,89,47,11.2,33.6,33.3,17.2,22.6,76.1,13.2,31.4,44.6,25.4,16.8,8.6,6,2.8,24.2,21.2,-1.2,111.1,111.4,-0.3,60.8,1.51,18,30.4,66.9,48.7,16.7,53.3,56.6,101.2,48.4
12/5 ~ 12/15,Phoenix Suns,6,2,4,0.333,48.8,99.2,38.2,88,43.4,9.2,28.2,32.5,13.7,17,80.4,9.3,33,42.3,24.5,16.5,10,5.2,4.2,23.7,18.2,-8.3,99.3,107.5,-8.2,64.2,1.48,17.9,25.2,70.9,47.4,16.5,48.6,51.9,98.21,45
12/5 ~ 12/15,Portland Trail Blazers,5,3,2,0.6,48,107.2,39.6,87.2,45.4,9.6,26.8,35.8,18.4,23,80,11.2,35.8,47,22.2,14.6,8.4,6.4,5.6,18,21.6,4,109.4,105.7,3.7,56.1,1.52,16.3,32.5,75.3,53.8,14.9,50.9,55.1,97.8,52.9
12/5 ~ 12/15,Sacramento Kings,5,3,2,0.6,48,120,45.8,91.6,50,14.4,36,40,14,18.8,74.5,9.6,30.4,40,30,13,8,5.2,3,20.6,19.6,6.8,117.2,110.8,6.4,65.5,2.31,20.7,27,68.1,47.4,12.7,57.9,60.1,102.3,53.4
12/5 ~ 12/15,San Antonio Spurs,6,4,2,0.667,48,114.2,42.8,85.8,49.9,9.2,22.7,40.4,19.3,22.3,86.6,8.8,37.3,46.2,23.7,12.2,6.5,5,3.7,18.3,19.5,12.7,115.7,102.7,13,55.3,1.95,17.8,24.3,74.6,51.5,12.3,55.2,59.7,98.75,58.4
12/5 ~ 12/15,Toronto Raptors,6,3,3,0.5,48.8,112.5,42.3,91.3,46.4,12.5,32.7,38.3,15.3,18.3,83.6,10,34.5,44.5,25.8,12.3,8.5,5.7,5.7,18.8,18.8,7.2,111.8,104.8,6.9,61,2.09,18.5,26.6,72.1,49.3,12.3,53.2,56.6,98.87,53.1
12/5 ~ 12/15,Utah Jazz,5,2,3,0.4,48,105.6,38.6,84.6,45.6,9.6,30.2,31.8,18.8,25,75.2,10,34.8,44.8,25,15,10.8,4,5.2,21,23.2,5,105.8,100.8,5,64.8,1.67,18.2,25.9,76.9,51.1,15,51.3,55.2,99.8,54.9
12/5 ~ 12/15,Washington Wizards,5,1,4,0.2,49,115.2,43.2,90,48,11.8,33.6,35.1,17,23.4,72.6,7.6,29,36.6,27.6,12,7,3.4,4.2,21.8,21.6,-4.2,112.1,116.1,-4.1,63.9,2.3,19.6,21.4,70.4,44.9,11.7,54.6,57.4,100.7,46.3
12/15 ~ 12/25,Atlanta Hawks,2,1,1,0.5,48,122.5,42,82,51.2,13,30.5,42.6,25.5,32,79.7,10.5,30.5,41,30.5,19,6.5,5,2,25.5,26.5,-4.5,119.5,122.7,-3.2,72.6,1.61,20.8,31,70.2,51.4,18.5,59.1,63.7,103,48.4
12/15 ~ 12/25,Boston Celtics,2,0,2,0,48,103.5,38.5,89.5,43,12,36,33.3,14.5,18.5,78.4,10.5,30,40.5,22.5,15,12,9.5,6.5,21,20,-8.5,102.5,110.3,-7.9,58.4,1.5,16.4,25.7,60.8,43,14.9,49.7,53,101.25,46.8
12/15 ~ 12/25,Brooklyn Nets,3,3,0,1,48,118.3,42.3,84.3,50.2,12.7,33,38.4,21,25.7,81.8,7,34.3,41.3,28,13,6.7,3,4.7,17.7,21,8.3,118.3,110,8.3,66.1,2.15,20.3,23.5,74.8,50.2,13,57.7,61.9,100,54.3
12/15 ~ 12/25,Charlotte Hornets,2,1,1,0.5,48,105,43,92,46.7,8.5,27,31.5,10.5,13.5,77.8,11,33.5,44.5,23,15.5,3.5,5.5,6,16.5,19,-8.5,104.5,112.9,-8.5,53.5,1.48,16.8,26.5,77.4,50.8,15.4,51.4,53.6,100.5,44
12/15 ~ 12/25,Chicago Bulls,3,1,2,0.333,48,95.7,38.3,87.3,43.9,6.7,23.3,28.6,12.3,15.7,78.7,10,30,40,19,14.3,9.7,6.7,3,24.3,17.7,-7.7,98,106.9,-8.9,49.6,1.33,14.6,28.9,71.8,48.9,14.7,47.7,50.8,97.17,43.9
12/15 ~ 12/25,Cleveland Cavaliers,3,1,2,0.333,48,98.7,40,88,45.5,9.3,28,33.3,9.3,14,66.7,7.3,32.3,39.7,23.7,11.3,7.7,3.7,7.7,18,14.7,-11,103.1,115.4,-12.3,59.2,2.09,18.3,22.4,67.6,44.7,11.8,50.8,52.4,95.33,43.8
12/15 ~ 12/25,Dallas Mavericks,3,0,3,0,48,117.3,41,91.3,44.9,11.3,33.3,34,24,31.3,76.6,12.7,31,43.7,24,11.3,7.3,2,5,21.7,26.3,-6.3,114.7,121.6,-7,58.5,2.12,16.8,30.2,72.4,49.3,11.1,51.1,55.8,102,46.2
12/15 ~ 12/25,Denver Nuggets,2,2,0,1,48,110.5,43,87.5,49.1,11,29.5,37.3,13.5,17,79.4,11,34.5,45.5,27,12.5,7,3.5,2.5,21,16.5,8.5,116.3,105.7,10.6,62.8,2.16,20.1,26.4,72.8,51,13.2,55.4,58.2,95.75,55.4
12/15 ~ 12/25,Detroit Pistons,3,2,1,0.667,49.7,115.3,41.3,87.3,47.3,14.7,37.7,38.9,18,26,69.2,9.3,36.3,45.7,25.3,16.3,5.3,3.7,6,22,23.7,4,110.9,106.7,4.2,61.3,1.55,17.8,25.5,74.7,51.1,15.7,55.7,58.4,100.67,50.5
12/15 ~ 12/25,Golden State Warriors,2,1,1,0.5,48,106.5,37.5,90,41.7,11,31,35.5,20.5,22.5,91.1,8,37,45,20.5,11,10,7,5,20,19.5,6,104.4,98,6.4,54.7,1.86,15.4,19.6,77.7,48.1,10.8,47.8,53.3,102.25,51.3
12/15 ~ 12/25,Houston Rockets,4,3,1,0.75,48,110.5,35.8,81.5,43.9,17.3,45.8,37.7,21.8,26.8,81.3,7.8,31.5,39.3,22.3,14,8,3.5,4,22.5,20,7.3,112.2,105.4,6.8,62.2,1.59,17,22.3,71.6,47,14.2,54.4,59.2,98.25,50.8
12/15 ~ 12/25,Indiana Pacers,3,1,2,0.333,48,99,38.3,86.7,44.2,8.3,25.3,32.9,14,20,70,11.3,37.3,48.7,22.7,15,7.3,6.7,5,17,18,2.3,102.1,100,2.1,59.1,1.51,16.8,30.3,70.9,51.3,15.5,49,51.9,96.83,52.7
12/15 ~ 12/25,LA Clippers,3,1,2,0.333,48,118.7,42.3,80.3,52.7,9.7,24,40.3,24.3,30.7,79.3,8.3,32,40.3,23.7,16.7,5.7,3.3,3.7,23.3,27.3,-2,117.1,117.9,-0.8,55.9,1.42,17.5,25.2,71,50,16.4,58.7,63.2,101.83,50.4
12/15 ~ 12/25,Los Angeles Lakers,3,1,2,0.333,48,116,45,91,49.5,12.7,36.7,34.5,13.3,21.7,61.5,8.7,39,47.7,26.3,17.3,9.3,5.3,5,17.3,16.7,1.7,107.7,106.2,1.5,58.5,1.52,18.1,25.3,77.4,52.5,16.1,56.4,57.7,107.67,51.6
12/15 ~ 12/25,Memphis Grizzlies,3,0,3,0,48,94,36.3,77.3,47,7,25,28,14.3,18,79.6,6.3,31,37.3,22,15,8.7,6.7,3.7,22,21.3,-10.7,100.4,111,-10.6,60.6,1.47,17.8,18.6,74.6,46.7,16,51.5,55.1,94,47.1
12/15 ~ 12/25,Miami Heat,2,2,0,1,48,101.5,37,92,40.2,9.5,37,25.7,18,28.5,63.2,21,38,59,22,14,6,4,4,19.5,22.5,4,109.7,104.8,4.9,59.5,1.57,15.4,46.7,74.3,59.8,15.1,45.4,48.5,92.75,51.3
12/15 ~ 12/25,Milwaukee Bucks,2,2,0,1,48,115,43.5,86.5,50.3,11,29,37.9,17,22.5,75.6,7,35.5,42.5,29.5,12.5,9.5,6.5,4.5,18.5,21,5.5,113.3,107.4,5.9,67.8,2.36,21.1,19.1,75.2,48.9,12.3,56.6,59.6,101.75,55.9
12/15 ~ 12/25,Minnesota Timberwolves,3,1,2,0.333,49.7,118,44,98.3,44.7,8.7,31.7,27.4,21.3,26,82.1,11,38.3,49.3,28.3,9.7,9.3,5,4.3,23.3,24.7,4.3,111.3,108.3,3.1,64.4,2.93,18.9,28.7,77.5,52.6,9.1,49.2,53.7,101.96,55.2
12/15 ~ 12/25,New Orleans Pelicans,2,0,2,0,48,105.5,39,89,43.8,16,39,41,11.5,16,71.9,9,30.5,39.5,27,13,9,6,3.5,22,19.5,-7,107.1,114.8,-7.7,69.2,2.08,19.7,25.5,61.4,43.3,13.2,52.8,54.9,98.25,47
12/15 ~ 12/25,New York Knicks,3,0,3,0,48,106,38,91.3,41.6,9.7,32.7,29.6,20.3,27.3,74.4,11,32,43,19.3,12,4.7,1,4.3,19.7,20,-17,106,122.2,-16.2,50.9,1.61,14.3,28.8,74.5,49.2,12,46.9,51.3,100.33,37.6
12/15 ~ 12/25,Oklahoma City Thunder,3,3,0,1,48,121,45.3,93.7,48.4,10,25,40,20.3,28,72.6,14.7,37,51.7,25.7,16.7,11.7,5,5.3,21.7,23.7,16.7,112.7,96.9,15.8,56.6,1.54,17.1,32.7,78.4,54.9,15.5,53.7,57.1,107.5,59.2
12/15 ~ 12/25,Orlando Magic,2,1,1,0.5,48,93,34,80.5,42.2,11.5,27.5,41.8,13.5,18.5,73,7.5,33,40.5,18.5,17.5,6,6.5,4,22.5,17,-16,95.4,113,-17.6,54.4,1.06,14.6,24.2,80.9,51.1,17.9,49.4,52.5,97,37.9
12/15 ~ 12/25,Philadelphia 76ers,3,2,1,0.667,48,118.3,46,92.3,49.8,12.3,31.3,39.4,14,17.3,80.8,11,35.7,46.7,30.7,10.7,4.7,6,3.7,18.3,17.7,6,121.6,113.9,7.7,66.7,2.88,21.7,28.5,79.4,53.7,11,56.5,59.2,98,53.2
12/15 ~ 12/25,Phoenix Suns,3,3,0,1,48,115.3,43.3,92.7,46.8,9.7,27.3,35.4,19,23,82.6,12,38.3,50.3,26.7,13.3,7.3,6,6.3,20.3,19,11.3,114.6,104.3,10.2,61.5,2,18.4,35.5,72.4,55,13.2,52,56.1,100.17,56.5
12/15 ~ 12/25,Portland Trail Blazers,2,2,0,1,48,115,41,80.5,50.9,10.5,23,45.7,22.5,25.5,88.2,9,29,38,21,16,7,4,5.5,27.5,22,5.5,118.6,114.1,4.5,51.2,1.31,16,32.1,73,53.5,16.5,57.5,62.7,96.5,49.3
12/15 ~ 12/25,Sacramento Kings,3,1,2,0.333,48,112.7,41,93.7,43.8,12,34.3,35,18.7,25.7,72.7,9,33.7,42.7,22.7,12.3,6,5.3,6,23.7,22,-13,103.7,115.3,-11.6,55.3,1.84,16,18.1,66.7,42,11.3,50.2,53.7,108.83,41.5
12/15 ~ 12/25,San Antonio Spurs,3,2,1,0.667,48,115,43.7,79,55.3,9.3,21,44.4,18.3,21.3,85.9,5,38.7,43.7,25,11,4.3,6,5.3,15.7,17.7,20.3,121.9,100.4,21.6,57.3,2.27,19.8,19.4,70.4,50.5,11.7,61.2,65.1,94.33,63.3
12/15 ~ 12/25,Toronto Raptors,2,1,1,0.5,48,92.5,36.5,90.5,40.3,7,32.5,21.5,12.5,17.5,71.4,12,35,47,16.5,10.5,10,6.5,5.5,17.5,17.5,-3,97.4,102.1,-4.8,45.2,1.57,12.8,31.3,75.3,51.7,11.1,44.2,47.1,94.25,47.7
12/15 ~ 12/25,Utah Jazz,3,1,2,0.333,48,98,32.3,88,36.7,11,35.3,31.1,22.3,27,82.7,10.7,38,48.7,23.3,16.7,9.7,4.7,8.7,20,24,-2.3,95.5,97.1,-1.6,72.2,1.4,16.5,26.9,79.6,51.7,16.2,43,49.1,103,50.1
12/15 ~ 12/25,Washington Wizards,3,1,2,0.333,48,118.7,45,91,49.5,12,33.7,35.6,16.7,23,72.5,9.3,30.3,39.7,28,14.3,12,2.7,4.3,20,21,-2.7,111.3,114.1,-2.9,62.2,1.95,19.2,23.1,73,47.2,13.4,56,58.7,106.5,50.7
211,,,,,,,,,,,,,,,,,,,,,,,,,,,,,,,,,,,,,,,,,
